name	cast	member	width	height	bpp	regX	regY	note
anm_bombMage_grave_01_01	gfx	1479	21	20	32	10	10	alpha=255..255
anm_bombMage_grave_01_02	gfx	1480	21	20	32	10	10	alpha=255..255
anm_bombMage_naturalRanged_01_01	gfx	1451	32	25	32	16	12	alpha=255..255
anm_bombMage_naturalRanged_01_02	gfx	1452	32	25	32	16	12	alpha=255..255
anm_bombMage_naturalRanged_01_03	gfx	1453	32	25	32	16	12	alpha=255..255
anm_bombMage_naturalRanged_01_04	gfx	1454	32	25	32	16	12	alpha=255..255
anm_bombMage_naturalRanged_01_05	gfx	1455	32	25	32	16	12	alpha=255..255
anm_bombMage_naturalRanged_01_06	gfx	1456	32	25	32	16	12	alpha=255..255
anm_bombMage_naturalRanged_01_07	gfx	1457	32	32	32	16	19	alpha=0..255
anm_bombMage_naturalRanged_01_08	gfx	1458	32	25	32	16	12	alpha=255..255
anm_bombMage_naturalRanged_01_09	gfx	1459	32	25	32	16	12	alpha=255..255
anm_bombMage_naturalRanged_01_10	gfx	1460	32	25	32	16	12	alpha=255..255
anm_bombMage_naturalRanged_01_11	gfx	1461	32	25	32	16	12	alpha=255..255
anm_bombMage_naturalRanged_01_12	gfx	1462	32	25	32	16	12	alpha=255..255
anm_bombMage_naturalRanged_01_13	gfx	1463	32	25	32	16	12	alpha=255..255
anm_bombMage_naturalRanged_01_14	gfx	1464	32	25	32	16	12	alpha=255..255
anm_bombMage_naturalRanged_01_15	gfx	1465	32	25	32	16	12	alpha=255..255
anm_bombMage_naturalRanged_01_16	gfx	1466	32	25	32	16	12	alpha=255..255
anm_bombMage_naturalRanged_01_17	gfx	1467	32	25	32	16	12	alpha=255..255
anm_bombMage_naturalRanged_01_18	gfx	1468	32	25	32	16	12	alpha=255..255
anm_bombMage_reel_03_01	gfx	1469	20	22	32	9	9	alpha=255..255
anm_bombMage_stand_03_05	gfx	1478	25	25	32	12	12	alpha=255..255
anm_bombMage_walk_03_01	gfx	1470	25	25	32	12	12	alpha=255..255
anm_bombMage_walk_03_02	gfx	1471	25	25	32	12	12	alpha=255..255
anm_bombMage_walk_03_03	gfx	1472	25	25	32	12	12	alpha=255..255
anm_bombMage_walk_03_04	gfx	1473	25	25	32	12	12	alpha=255..255
anm_bombMage_walk_03_05	gfx	1474	25	25	32	12	12	alpha=255..255
anm_bombMage_walk_03_06	gfx	1475	25	25	32	12	12	alpha=255..255
anm_bombMage_walk_03_07	gfx	1476	25	25	32	12	12	alpha=255..255
anm_bombMage_walk_03_08	gfx	1477	25	25	32	12	12	alpha=255..255
